cid,First Name, Last Name,Area,Email
8063,Siam,Reza,Mohammadpur,reza_s@hmail.com
8078,Imam ,Ahmed,West Goran,imam87@hmail.com
8098,Uzzal,Halder,Kafrul,hauzzal.du@iahoo.com
8075,Yeasmin,Rizia,Shamibag,rizia67@hmail.com
8029,Sadia,Bashir,Bashundhara R/A,bashir_sadia33@hmail.com
8045,Sayma ,Nehal,Aftabnagar,009sayma@hmail.com
8057,Samia,Alam,Kathalbagan,samia776@hmail.com
8009,Zia,Rahman,Hatirjheel,zia443@hmail.com
8070,Eiman,Alom,Kalabagan,eiman223@hmail.com
8065,Dihan,Rahman,Khilgaon,dihan445@hmail.com
8058,Shimanto,Nondi,Khilgaon,snondi901@hmail.com
8021,Amin,Bin Jamal,Khilkhet,amin234@hmail.com
8090,Suborno,Zakir,Razabazar,szakir221@hmail.com
8054,Laboni,Bonna,Wari,lbonna334@hmail.com
8055,Qasim,Khan,Uttara,khanqasim94@hmail.com
8033,Bahadur,Shah,Lalbag,shahbahadur@hmail.com
8077,Nahar,Sultana,Lalbag,nahars122@hmail.com
8099,Tuhin,Biswas,Shantinagar,biswas_t334@hmail.com
8050,Nima,Rani,Uttara,rininima933@hmail.com
8096,Zannat ,Ara,Nakhalpara,arazannat007@hmail.com
8032,Sumona,Giti,Gulshan,sumonag887@hmail.com
8025,Rifat,Sharmin,Notunbazar,sharifat655@hmail.com
8011,Rabeya,Bari,Banani,bari_rabeya445@hmail.com
8023,Zinia,Rahman,Dhanmondi,rahmanzinia@hmail.com
8044,Kashfia,Zinan,New Market,zinankash76@hmail.com
8088,Sidratul,Muntaha,Sutrapur,muntaha_s45@hmail.com
8040,Swapna,Roy,Jatrabari,roy_sp22@hmail.com
8005,Ranchi,Samriddhi,New Iskaton,ranchi1993@hmail.com
8076,Ahmed ,Siraj,Motijheel,sirajahmed@hmail.com
8034,Reza,Anwar,Motijheel,anwar_reza@hmail.com
8043,Nazrul,Islam,Dhanmondi,islam_nazrul@hmail.com
8041,Sami ,Sheikh,Dhanmondi,sheikhsami@hmail.com